{
    "WidthLimit": 100,
    "bias": [
        [
            -0.0008568773046135902,
            -0.23736883699893951,
            0.00037663275725208223,
            -0.5534836649894714,
            -0.0001848048996180296,
            0.4621027708053589,
            -3.498596197459847e-05,
            -0.00016407633665949106,
            -0.13683591783046722,
            6.201968062669039e-06
        ],
        [
            -0.09818446636199951,
            -0.11253052204847336,
            0.06153184920549393,
            -0.001999974949285388,
            -0.08654124289751053,
            0.0042723845690488815,
            0.022031914442777634,
            -0.0024447946343570948,
            -0.02231898158788681,
            0.02029130607843399,
            -0.0002579295833129436,
            0.10576508194208145
        ],
        [
            -0.002126450650393963,
            -0.059512972831726074,
            0.0007299961289390922,
            -0.0006138200405985117,
            -0.0005903522251173854,
            0.16853207349777222,
            0.02143743634223938,
            -0.04387999698519707,
            0.04066810384392738,
            0.13467173278331757
        ],
        [
            0.37561625242233276
        ]
    ],
    "weights": [
        [
            [
                0.021640492603182793,
                -0.014534508809447289,
                0.0002939001424238086,
                0.004570022691041231,
                -0.002884880406782031,
                0.024457700550556183,
                0.002258023014292121,
                -0.002455588197335601,
                -0.016578959301114082,
                0.002006193157285452
            ],
            [
                0.6721482276916504,
                -0.03384534269571304,
                -0.0020259495358914137,
                0.07615292817354202,
                -0.0037808665074408054,
                0.16020825505256653,
                0.004612065851688385,
                -0.004596787039190531,
                -0.1557207703590393,
                0.002664057072252035
            ],
            [
                -0.33492836356163025,
                -0.08863797038793564,
                -0.014169557951390743,
                0.16449405252933502,
                0.002340100472792983,
                0.25304552912712097,
                0.0013922268990427256,
                -0.0011377307819202542,
                0.31307554244995117,
                0.00039720203494653106
            ],
            [
                0.20218805968761444,
                -0.6941079497337341,
                0.013253936544060707,
                0.3250386416912079,
                0.009370016865432262,
                -1.337993860244751,
                -0.003998739644885063,
                0.004156976938247681,
                -0.6980994343757629,
                -0.00312168151140213
            ],
            [
                -0.5018882751464844,
                -1.029775857925415,
                0.006017682608217001,
                1.6628978252410889,
                0.008820001035928726,
                0.5247021317481995,
                -0.0027552598621696234,
                0.0034294873476028442,
                0.674838662147522,
                -0.0038871599826961756
            ]
        ],
        [
            [
                -0.0723785012960434,
                0.023637942969799042,
                0.1724199801683426,
                -0.009459668770432472,
                -0.09913811832666397,
                -0.00789053924381733,
                0.09395473450422287,
                0.18979497253894806,
                0.3449263572692871,
                -0.0013228334719315171,
                -0.007454896345734596,
                -0.07581755518913269
            ],
            [
                0.4172394871711731,
                -0.26530367136001587,
                0.18313047289848328,
                0.015507656149566174,
                -0.16864198446273804,
                0.003442000364884734,
                -0.2827431261539459,
                0.23432999849319458,
                0.4109695553779602,
                0.010591486468911171,
                0.004418700467795134,
                0.33273062109947205
            ],
            [
                -0.0056274887174367905,
                0.006581991910934448,
                -0.00861374381929636,
                0.0016705242451280355,
                0.007849501445889473,
                -0.002724663121625781,
                0.005300918128341436,
                -0.007534408941864967,
                -0.0063876984640955925,
                -0.0038000987842679024,
                -0.0015557898441329598,
                -0.004200186114758253
            ],
            [
                0.09162609279155731,
                -0.2534194588661194,
                0.3543398082256317,
                -0.004689481109380722,
                -0.256115585565567,
                0.008889329619705677,
                -0.2280527800321579,
                0.2080415040254593,
                0.17268499732017517,
                0.03187237307429314,
                -0.00013788453361485153,
                0.3621594309806824
            ],
            [
                -0.0039055824745446444,
                0.002562661189585924,
                0.00023606863396707922,
                0.005244479048997164,
                0.0009077233262360096,
                -0.0006410446367226541,
                0.0053275106474757195,
                -0.0019461511401459575,
                -0.004402419552206993,
                -0.004668381530791521,
                -0.0012183506041765213,
                -0.0076204086653888226
            ],
            [
                -0.2878760099411011,
                0.2218407243490219,
                -0.38444235920906067,
                0.015000603161752224,
                0.2660242021083832,
                -0.0011345315724611282,
                0.0671585276722908,
                -0.4221728444099426,
                -0.6455324292182922,
                -0.04397737607359886,
                -0.00018657895270735025,
                -0.1672559678554535
            ],
            [
                0.003229529596865177,
                -0.0014321638736873865,
                -0.0010703465668484569,
                -0.006013801787048578,
                -0.00016344149480573833,
                -0.0003875533875543624,
                -0.0024747545830905437,
                0.0007281836005859077,
                0.0010409997776150703,
                0.0007907690014690161,
                0.0005160283180885017,
                0.005183793138712645
            ],
            [
                -0.00418891804292798,
                0.0019621592946350574,
                0.00086451560491696,
                0.005561891943216324,
                0.0009353796485811472,
                -5.264335050014779e-05,
                0.003617401234805584,
                -0.0004403651983011514,
                9.898393182083964e-05,
                -0.0013254368677735329,
                -0.0008049148600548506,
                -0.005920659750699997
            ],
            [
                0.340154767036438,
                -0.2969561517238617,
                0.2217693328857422,
                0.008537604473531246,
                -0.28798380494117737,
                0.006802082061767578,
                -0.39110803604125977,
                0.20238453149795532,
                0.25579556822776794,
                0.0302538201212883,
                -0.0007248086621984839,
                0.3627750873565674
            ],
            [
                0.004839635454118252,
                -0.002120591700077057,
                -0.001848848769441247,
                -0.004143420606851578,
                -0.0013367378851398826,
                0.0005124257877469063,
