{
    "WidthLimit": 100,
    "bias": [
        [
            -0.024365441873669624,
            -1.2782952785491943,
            0.548600971698761,
            0.1822613775730133,
            0.20436213910579681,
            0.17792436480522156,
            0.3205590546131134,
            0.20217680931091309,
            -0.1340237408876419,
            0.3961528241634369
        ],
        [
            -0.16258223354816437,
            -0.17768420279026031,
            0.02289627492427826,
            0.3541853725910187,
            -0.48671913146972656,
            0.07249627262353897,
            0.08904609084129333,
            -0.02837565541267395,
            -0.47769397497177124,
            -0.3063575029373169
        ],
        [
            0.09773345291614532,
            0.20352394878864288,
            -0.2519036531448364,
            0.3868197202682495,
            -0.442655086517334,
            -0.16863738000392914,
            0.16335788369178772,
            0.08189718425273895
        ],
        [
            0.2812347412109375
        ]
    ],
    "weights": [
        [
            [
                0.03980875760316849,
                -0.013100242242217064,
                0.032786477357149124,
                -0.9367226958274841,
                0.07288312166929245,
                -0.6234176158905029
            ],
            [
                -0.013112569227814674,
                1.2473831176757812,
                0.33003342151641846,
                -0.15784621238708496,
                0.2986067831516266,
                -0.1439683735370636
            ],
            [
                0.07115010172128677,
                0.07090380787849426,
                0.19726787507534027,
                0.29299643635749817,
                -0.850932240486145,
                0.32678109407424927
            ],
            [
                -0.020669277757406235,
                1.0904381275177002,
                -0.6084929704666138,
                0.28652822971343994,
                -0.6310089826583862,
                0.17013323307037354
            ],
            [
                -0.1473478376865387,
                0.5648317933082581,
                0.11209512501955032,
                1.26521897315979,
                0.21241694688796997,
                -0.5110148787498474
            ],
            [
                0.5309752225875854,
                -0.6148048639297485,
                -0.892882227897644,
                1.1202129125595093,
                -0.21985787153244019,
                -0.5253586769104004
            ],
            [
                -0.005586977582424879,
                -0.2736560106277466,
                0.0815412700176239,
                0.16787590086460114,
                -1.4733376502990723,
                0.45065468549728394
            ],
            [
                0.08129923045635223,
                -0.08795079588890076,
                0.922075092792511,
                -0.6428216695785522,
                0.13384006917476654,
                -0.1517881453037262
            ],
            [
                -0.0027424637228250504,
                -0.17008239030838013,
                0.15938837826251984,
                -0.2544431984424591,
                -1.0819146633148193,
                -1.314850926399231
            ],
            [
                0.030825329944491386,
                0.09938445687294006,
                -0.08662400394678116,
                -0.11850354820489883,
                0.05135493353009224,
                -1.6789711713790894
            ]
        ],
        [
            [
                0.16547971963882446,
                0.43762215971946716,
                0.21056726574897766,
                -0.3985714316368103,
                0.41743794083595276,
                -0.14957553148269653,
                0.34821832180023193,
                0.32704174518585205,
                -0.00046686670975759625,
                -0.7354017496109009
            ],
            [
                -0.007164196576923132,
                -0.443573921918869,
                -1.1309826374053955,
                -0.1454201191663742,
                0.2400224506855011,
                -0.05768302083015442,
                -1.5158287286758423,
                0.38902947306632996,
                0.10878271609544754,
                0.9117467403411865
            ],
            [
                -0.1623239666223526,
                0.18925662338733673,
                -0.5576275587081909,
                -0.3768394887447357,
                0.3330511450767517,
                0.20380783081054688,
                -0.44819375872612,
                0.39110514521598816,
                0.6565558910369873,
                -0.5669993162155151
            ],
            [
                0.7322601079940796,
                -0.029475685209035873,
                -0.05443909764289856,
                -0.1366252899169922,
                -0.20712125301361084,
                0.6996721625328064,
                -0.03165996074676514,
                0.18818117678165436,
                0.03266815096139908,
                -1.0316426753997803
            ],
            [
                0.3963322043418884,
                -0.16489285230636597,
                -0.5373141169548035,
                0.5084356069564819,
                -0.42038431763648987,
                -0.03692775219678879,
                -0.4948369264602661,
                0.30095425248146057,
                0.16481967270374298,
                0.3214446008205414
            ],
            [
                -0.005547640845179558,
                0.5368342995643616,
                0.11325377970933914,
                0.3675810992717743,
                -0.19581040740013123,
                -0.26811742782592773,
                -0.03957991674542427,
                -0.6242733597755432,
                -0.9236375093460083,
                -0.9494458436965942
            ],
            [
                0.757411539554596,
                0.898134171962738,
                0.12538868188858032,
                -0.8564212918281555,
                0.3254498541355133,
                0.09779265522956848,
                -0.2789117991924286,
                0.1250261664390564,
                -0.5051106214523315,
                0.459966778755188
            ],
            [
                0.13630174100399017,
                -0.6378055214881897,
                0.022483395412564278,
                -0.07892946898937225,
                -0.02112521231174469,
                0.4671877324581146,
                -0.026451529935002327,
                0.0648694559931755,
                -1.0180076360702515,
                -0.16722920536994934
            ],
            [
                -0.4137241244316101,
                -0.25446006655693054,
                -0.2923150956630707,
                0.36470693349838257,
                -0.503638505935669,
                0.2989251911640167,
                -0.21552449464797974,
                -0.35503333806991577,
                0.8203516006469727,
                0.1098126620054245
            ],
            [
                -0.006363412365317345,
                -0.05383286252617836,
                -0.27295175194740295,
                -0.0385618582367897,
                0.5256192088127136,
                0.1679585874080658,
                -0.14661739766597748,
                0.8007446527481079,
                0.09624850749969482,
                -0.2310401350259781
            ]
        ],
        [
            [
                0.09273688495159149,
                0.16349871456623077,
                0.3368285298347473,
                0.4381568729877472,
                0.12662169337272644,
                0.3269367814064026,
                -0.7637914419174194,
                -0.09313323348760605,
                0.16286985576152802,
