{
    "WidthLimit": 100,
    "bias": [
        [
            0.028798533603549004,
            0.063294917345047,
            0.05120760202407837,
            -0.06392000615596771,
            0.3060419261455536,
            -0.11249388009309769,
            -0.14999598264694214,
            0.25895270705223083,
            0.4308846592903137,
            0.13077770173549652
        ],
        [
            0.11315237730741501,
            -0.0005016519571654499,
            -0.0016151764430105686,
            0.2804460823535919,
            0.39460617303848267,
            0.0004321927553974092,
            -0.07202137261629105,
            -0.0007320638396777213,
            -1.1810901924036443e-05,
            0.07864727079868317,
            0.0030539571307599545,
            -0.009345951490104198
        ],
        [
            0.035942427814006805,
            -0.07007504254579544,
            -0.032623644918203354,
            0.07177869230508804,
            0.13309824466705322,
            0.003394634695723653,
            0.00019490453996695578,
            -0.08454899489879608,
            -0.18755103647708893,
            0.0038243872113525867
        ],
        [
            0.3378201723098755
        ]
    ],
    "weights": [
        [
            [
                -0.023121634498238564,
                0.001577392453327775,
                0.11606229841709137,
                0.21049685776233673,
                -0.2890652120113373
            ],
            [
                0.0049092997796833515,
                -0.087507463991642,
                -0.3494144678115845,
                -1.0582481622695923,
                -1.0031030178070068
            ],
            [
                -0.005619874689728022,
                -0.09684862196445465,
                -0.8062368631362915,
                -0.12320777773857117,
                -0.4135459065437317
            ],
            [
                0.025067394599318504,
                -0.15410827100276947,
                0.13699094951152802,
                0.32715675234794617,
                1.266841173171997
            ],
            [
                -0.0017782652284950018,
                -0.4693165123462677,
                0.24088704586029053,
                -0.17300044000148773,
                0.05433652549982071
            ],
            [
                -0.04464046284556389,
                -0.08003861457109451,
                -0.057450637221336365,
                0.14108438789844513,
                0.091274194419384
            ],
            [
                -0.08037234842777252,
                -0.2886515259742737,
                -0.26217272877693176,
                0.3726138174533844,
                -0.1012844368815422
            ],
            [
                0.007158227264881134,
                0.1663314253091812,
                -0.0988219678401947,
                0.7583560943603516,
                -0.7821187973022461
            ],
            [
                -0.0007204754510894418,
                0.16231127083301544,
                0.37805309891700745,
                -0.7368884086608887,
                0.3336084187030792
            ],
            [
                0.0015187020180746913,
                -0.010647823102772236,
                -0.4371720850467682,
                -0.6953825354576111,
                0.1312667429447174
            ]
        ],
        [
            [
                -0.11515917629003525,
                -0.3127237856388092,
                0.30016809701919556,
                0.5529140830039978,
                0.18225161731243134,
                0.05173651874065399,
                -0.1597524732351303,
                0.36198505759239197,
                0.3363880515098572,
                0.29777270555496216
            ],
            [
                -0.00503185298293829,
                0.0015313683543354273,
                0.0020134677179157734,
                0.002463524229824543,
                0.005095182452350855,
                -0.006682660896331072,
                5.76785605517216e-05,
                0.0012474952964112163,
                0.000501313537824899,
                0.0009424235904589295
            ],
            [
                0.012659651227295399,
                0.004111781250685453,
                0.04040125012397766,
                -0.013011549599468708,
                -0.0313895121216774,
                0.011880993843078613,
                0.023451054468750954,
                0.03113379143178463,
                -0.03423486277461052,
                -0.0029305866919457912
            ],
            [
                0.1857345551252365,
                -0.7300999164581299,
                0.32493603229522705,
                0.47642746567726135,
                0.08486975729465485,
                -0.00024974302505142987,
                -0.18017643690109253,
                0.4341660141944885,
                0.21237000823020935,
                -0.15760554373264313
            ],
            [
                0.1160256490111351,
                0.7934327125549316,
                0.15940208733081818,
                -0.8525723814964294,
                0.40607044100761414,
                -0.10351481288671494,
                -0.06910109519958496,
                0.6264051198959351,
                0.14945043623447418,
                -0.38062208890914917
            ],
            [
                0.004266733769327402,
                -0.001249827677384019,
                -0.0005798909114673734,
                -0.0025437045842409134,
                -0.0033521633595228195,
                0.005673290695995092,
                0.0001014892477542162,
                0.00017109017062466592,
                -0.001715877209790051,
                0.0007752039236947894
            ],
            [
                -0.1563728153705597,
                0.3891461491584778,
                -0.2687350809574127,
                -0.2193150520324707,
                0.017569750547409058,
                0.018327003344893456,
                -0.004350881092250347,
                -0.43191084265708923,
                -0.040537770837545395,
                -0.04321311414241791
            ],
            [
                0.005233315750956535,
                0.00024508999194949865,
                0.006162755191326141,
                0.00197386322543025,
                -0.014593269675970078,
                0.008538292720913887,
                0.004294108599424362,
                0.007170073688030243,
                -0.006102538201957941,
                -0.002055433811619878
            ],
            [
                -0.0056023141369223595,
                0.0015444658929482102,
                -0.0007347494247369468,
                0.00087259168503806,
                0.010664557106792927,
                -0.008469653315842152,
                -0.002093883231282234,
                0.0017116868402808905,
                0.0010979562066495419,
                0.007383916061371565
            ],
            [
                -0.1880708634853363,
                0.1089637354016304,
                0.15650956332683563,
                0.09245558083057404,
                0.16506154835224152,
                -0.15588024258613586,
                -0.361026406288147,
                -0.550292432308197,
                0.8603661060333252,
                0.6700249910354614
            ],
            [
                0.0076690129935741425,
                0.00956820510327816,
                0.030178029090166092,
                -0.013086557388305664,
                -0.011776882223784924,
                -0.000774610205553472,
                0.009801455773413181,
                0.02091599442064762,
                -0.01175316795706749,
                0.003228489775210619
            ],
            [
                -0.0016436065779998899,
